Team,G,MP,FG,FGA,FG%,3P,3PA,3P%,2P,2PA,2P%,FT,FTA,FT%,ORB,DRB,TRB,AST,STL,BLK,TOV,PF,PTS
Utah Jazz,82,19705,42.9,86.1,0.497,5.3,14.3,0.372,37.5,71.8,0.522,22.8,30.0,0.759,12.3,31.5,43.8,28.3,9.4,4.6,15.7,25.7,113.8
Phoenix Suns,82,19780,42.6,85.1,0.5,8.7,22.1,0.393,33.9,63.0,0.538,19.4,24.8,0.783,9.0,33.7,42.7,27.5,6.7,6.5,14.9,20.5,113.3
Los Angeles Lakers,82,19780,41.2,86.5,0.476,8.4,22.2,0.378,32.8,64.3,0.51,22.2,28.8,0.769,11.4,34.6,45.9,25.4,8.3,5.6,14.7,21.5,113.0
Golden State Warriors,82,19780,41.8,90.9,0.459,9.3,26.8,0.348,32.4,64.1,0.506,18.9,25.1,0.752,12.8,30.6,43.5,22.5,9.1,4.6,13.3,23.0,111.8
New Orleans Hornets,82,19805,42.7,91.6,0.466,8.5,21.9,0.389,34.2,69.8,0.49,17.7,23.0,0.769,12.6,33.6,46.3,24.1,8.6,4.3,13.1,20.6,111.5
Detroit Pistons,82,19730,41.8,91.3,0.458,6.8,18.5,0.366,35.0,72.7,0.481,21.0,27.4,0.767,13.6,33.8,47.3,25.5,8.1,6.6,13.3,23.5,111.4
Orlando Magic,82,19780,39.7,83.8,0.474,10.4,27.0,0.386,29.3,56.8,0.516,21.4,29.7,0.721,10.0,34.8,44.8,22.2,6.8,4.3,15.2,21.9,111.3
Dallas Mavericks,82,19730,40.8,87.9,0.464,6.7,18.9,0.352,34.1,69.0,0.495,22.8,28.0,0.814,11.9,35.7,47.6,23.2,6.6,5.4,14.0,24.1,111.1
Boston Celtics,82,19755,39.9,84.0,0.475,8.0,20.9,0.381,31.9,63.1,0.506,22.4,29.1,0.771,11.1,34.9,46.0,24.5,9.3,5.1,16.6,24.9,110.2
Toronto Raptors,82,19830,42.2,90.2,0.468,7.7,19.6,0.392,34.6,70.6,0.489,18.1,22.2,0.812,10.6,33.5,44.1,26.2,7.6,4.5,12.9,21.4,110.2
Denver Nuggets,82,19855,40.1,85.3,0.47,6.9,19.4,0.355,33.2,65.8,0.504,22.9,30.5,0.751,11.1,32.7,43.8,24.5,9.1,6.7,14.6,21.0,110.0
Washington Wizards,82,19905,40.2,90.2,0.446,7.8,21.8,0.356,32.5,68.5,0.475,21.0,26.8,0.782,13.6,32.4,46.0,21.7,8.5,5.3,14.6,21.6,109.2
Sacramento Kings,82,19830,38.9,83.8,0.464,6.5,17.5,0.373,32.4,66.4,0.488,23.2,29.0,0.798,10.6,31.4,42.0,20.0,8.3,4.3,16.8,23.5,107.5
Portland Trail Blazers,82,19905,40.3,89.8,0.448,7.4,19.6,0.377,32.9,70.2,0.468,19.4,25.3,0.767,12.4,33.4,45.8,23.8,6.2,4.9,14.5,22.5,107.3
San Antonio Spurs,82,19730,40.3,88.0,0.457,8.1,22.1,0.369,32.1,66.0,0.487,18.5,24.3,0.761,10.6,35.8,46.4,23.5,7.1,4.6,14.2,21.1,107.2
Atlanta Hawks,82,19855,39.5,87.0,0.454,5.1,14.3,0.356,34.4,72.7,0.473,22.8,29.6,0.772,13.4,32.6,46.0,23.9,8.0,5.9,16.2,22.2,106.9
Houston Rockets,82,19730,40.4,90.2,0.448,7.8,23.0,0.342,32.6,67.2,0.485,18.1,24.9,0.726,13.5,35.8,49.3,23.7,8.1,5.7,15.1,21.7,106.8
Philadelphia 76ers,82,19755,41.1,89.3,0.46,4.1,12.8,0.317,37.0,76.5,0.483,20.3,28.7,0.706,14.3,31.8,46.2,22.5,9.6,5.4,15.7,21.8,106.4
Indiana Pacers,82,19755,38.6,87.0,0.444,9.4,25.1,0.374,29.2,61.8,0.472,19.5,25.4,0.768,11.2,32.7,44.0,23.2,7.7,5.1,15.4,23.9,106.0
Cleveland Cavaliers,82,19855,39.4,89.8,0.439,7.4,20.7,0.358,32.0,69.1,0.463,19.8,27.6,0.717,14.6,34.4,49.0,22.0,7.8,5.7,15.4,23.0,106.0
Milwaukee Bucks,82,19855,40.0,89.3,0.449,6.0,17.4,0.344,34.1,71.9,0.474,19.2,26.2,0.733,14.0,31.3,45.2,23.3,7.2,4.8,16.0,23.1,105.3
Memphis Grizzlies,82,19805,38.9,85.7,0.454,7.9,22.6,0.349,31.0,63.0,0.492,19.3,26.7,0.723,10.8,32.6,43.4,20.0,6.4,4.9,15.9,20.2,105.0
New York Knicks,82,19880,39.1,89.0,0.439,6.5,19.2,0.337,32.6,69.9,0.467,20.1,27.6,0.727,13.6,32.4,45.9,20.2,6.9,2.8,15.6,23.2,104.7
Charlotte Bobcats,82,19880,38.9,86.2,0.452,7.0,19.0,0.367,32.0,67.2,0.476,19.9,27.8,0.714,11.7,32.1,43.8,23.0,8.1,5.3,15.8,23.4,104.6
New Jersey Nets,82,19830,37.8,85.3,0.443,6.6,18.9,0.348,31.2,66.4,0.47,21.8,29.6,0.736,12.1,33.3,45.4,25.5,6.9,5.2,16.3,24.5,104.0
Chicago Bulls,82,19805,38.9,89.4,0.435,6.2,17.0,0.363,32.7,72.4,0.452,20.0,26.4,0.756,13.7,32.3,45.9,23.6,8.3,5.6,15.6,23.2,103.9
Minnesota Timberwolves,82,19730,40.7,90.3,0.451,5.8,16.7,0.35,34.9,73.6,0.474,16.5,22.4,0.736,12.8,32.1,44.9,21.6,8.2,4.1,15.7,25.0,103.8
Los Angeles Clippers,82,19805,37.1,84.8,0.438,4.6,14.2,0.324,32.5,70.6,0.46,22.4,28.7,0.781,10.5,32.8,43.3,22.8,7.3,5.2,15.5,23.0,101.2
Miami Heat,82,19830,37.7,85.0,0.443,6.6,18.4,0.358,31.1,66.6,0.467,18.6,25.5,0.727,10.0,31.4,41.4,22.0,7.9,4.8,16.1,22.4,100.5
Seattle SuperSonics,82,19830,39.3,88.3,0.444,3.9,11.8,0.333,35.3,76.5,0.462,18.0,23.4,0.77,12.2,33.8,46.0,22.0,6.7,5.0,16.5,21.1,100.5
